filename,state,condition,truth,prediction,plate_confidence,decision,segmentation_ok,plate_correct,char_total,char_correct
florida_0000_clean.png,florida,clean,AXI332,1332,0.7644017934799194,MANUAL-ENTRY,False,False,0,0
florida_0001_light_blur.png,florida,light_blur,ROE624,R0E624,0.5270013809204102,MANUAL-ENTRY,True,False,6,5
florida_0002_low_contrast.png,florida,low_contrast,VMV2T9,VMV2T9,0.9468718767166138,HUMAN-REVIEW,True,True,6,6
florida_0003_rotated.png,florida,rotated,OHY7S9,0HY7S9,0.5175713896751404,MANUAL-ENTRY,True,False,6,5
florida_0004_clean.png,florida,clean,GQL977,GQL977,0.9578108787536621,AUTO-ACCEPT,True,True,6,6
florida_0005_light_blur.png,florida,light_blur,OLV496,0LV496,0.527015209197998,MANUAL-ENTRY,True,False,6,5
florida_0006_low_contrast.png,florida,low_contrast,EFY901,EFY9O1,0.5151229500770569,MANUAL-ENTRY,True,False,6,5
florida_0007_rotated.png,florida,rotated,JZZ735,JZZ735,0.6892507672309875,MANUAL-ENTRY,True,True,6,6
florida_0008_clean.png,florida,clean,IYI739,1Y1739,0.7644017934799194,MANUAL-ENTRY,True,False,6,4
florida_0009_light_blur.png,florida,light_blur,WSJ7A5,WSJ7A5,0.9944350719451904,AUTO-ACCEPT,True,True,6,6
florida_0010_low_contrast.png,florida,low_contrast,SDB883,SDB883,0.9952278137207031,AUTO-ACCEPT,True,True,6,6
florida_0011_rotated.png,florida,rotated,EXR728,EXR728,0.9976233839988708,AUTO-ACCEPT,True,True,6,6
florida_0012_clean.png,florida,clean,ZML1S3,ZML1S3,0.5630571246147156,MANUAL-ENTRY,True,True,6,6
florida_0013_light_blur.png,florida,light_blur,GZX959,G959,0.9497467875480652,HUMAN-REVIEW,False,False,0,0
florida_0014_low_contrast.png,florida,low_contrast,BHC617,BHC617,0.4451420307159424,MANUAL-ENTRY,True,True,6,6
florida_0015_rotated.png,florida,rotated,BTT934,BTT934,0.881007969379425,HUMAN-REVIEW,True,True,6,6
florida_0016_clean.png,florida,clean,FLM5F7,FLM5F7,0.9935027956962585,AUTO-ACCEPT,True,True,6,6
florida_0017_light_blur.png,florida,light_blur,BZZ965,B965,0.5432223677635193,MANUAL-ENTRY,False,False,0,0
florida_0018_low_contrast.png,florida,low_contrast,YBA225,YBA225,0.9911648631095886,AUTO-ACCEPT,True,True,6,6
florida_0019_rotated.png,florida,rotated,IYZ244,1YZ244,0.7547283172607422,MANUAL-ENTRY,True,False,6,5
florida_0020_clean.png,florida,clean,IDG975,1DG975,0.7561061978340149,MANUAL-ENTRY,True,False,6,5
florida_0021_light_blur.png,florida,light_blur,QNL0W8,QNLOW8,0.5441917181015015,MANUAL-ENTRY,True,False,6,5
florida_0022_low_contrast.png,florida,low_contrast,PRB8L6,PRB8L6,0.5358753204345703,MANUAL-ENTRY,True,True,6,6
florida_0023_rotated.png,florida,rotated,JUX8Z4,JUX8Z4,0.8446928858757019,HUMAN-REVIEW,True,True,6,6
florida_0024_clean.png,florida,clean,RXR619,R619,0.48865213990211487,MANUAL-ENTRY,False,False,0,0
california_0000_clean.png,california,clean,2GQO800,2GQ08OO,0.5239413380622864,MANUAL-ENTRY,True,False,7,4
california_0001_light_blur.png,california,light_blur,ONO1990,ONO199O,0.5033570528030396,MANUAL-ENTRY,True,False,7,6
california_0002_low_contrast.png,california,low_contrast,8LRK424,8LRK424,0.9813985228538513,AUTO-ACCEPT,True,True,7,7
california_0003_rotated.png,california,rotated,8TCH718,8TCH718,0.6755692362785339,MANUAL-ENTRY,True,True,7,7
california_0004_clean.png,california,clean,UGF8063,UGF8O63,0.5228124856948853,MANUAL-ENTRY,True,False,7,6
california_0005_light_blur.png,california,light_blur,9RHC687,9RHC687,0.8283794522285461,HUMAN-REVIEW,True,True,7,7
california_0006_low_contrast.png,california,low_contrast,BEV8140,BEV814O,0.5361590385437012,MANUAL-ENTRY,True,False,7,6
california_0007_rotated.png,california,rotated,9GFV501,9GFV5O1,0.5450778007507324,MANUAL-ENTRY,True,False,7,6
california_0008_clean.png,california,clean,KSD7135,KSD7135,0.6572418808937073,MANUAL-ENTRY,True,True,7,7
california_0009_light_blur.png,california,light_blur,KSC1238,KSC1238,0.7067999839782715,MANUAL-ENTRY,True,True,7,7
california_0010_low_contrast.png,california,low_contrast,3YMC032,3YMCO32,0.5535915493965149,MANUAL-ENTRY,True,False,7,6
california_0011_rotated.png,california,rotated,0LIL228,OL1L228,0.5052337646484375,MANUAL-ENTRY,True,False,7,5
california_0012_clean.png,california,clean,DTN1159,DTN1159,0.6388534307479858,MANUAL-ENTRY,True,True,7,7
california_0013_light_blur.png,california,light_blur,RWW7681,R7681,0.7067999839782715,MANUAL-ENTRY,False,False,0,0
california_0014_low_contrast.png,california,low_contrast,WWO9599,09599,0.5219353437423706,MANUAL-ENTRY,False,False,0,0
california_0015_rotated.png,california,rotated,XAP5536,P5536,0.6419752836227417,MANUAL-ENTRY,False,False,0,0
california_0016_clean.png,california,clean,NDH3155,NDH3155,0.6556021571159363,MANUAL-ENTRY,True,True,7,7
california_0017_light_blur.png,california,light_blur,WJQ8694,JQ8694,0.918848991394043,HUMAN-REVIEW,False,False,0,0
california_0018_low_contrast.png,california,low_contrast,VOE9420,V0E942O,0.5279072523117065,MANUAL-ENTRY,True,False,7,5
california_0019_rotated.png,california,rotated,ATH1418,ATH1418,0.6822525262832642,MANUAL-ENTRY,True,True,7,7
california_0020_clean.png,california,clean,JPC6392,JPC6392,0.6015637516975403,MANUAL-ENTRY,True,True,7,7
california_0021_light_blur.png,california,light_blur,XFU4042,XFU4O42,0.5657575726509094,MANUAL-ENTRY,True,False,7,6
california_0022_low_contrast.png,california,low_contrast,SQJ3624,SQJ3624,0.661109209060669,MANUAL-ENTRY,True,True,7,7
california_0023_rotated.png,california,rotated,WON8342,0N8342,0.5085127353668213,MANUAL-ENTRY,False,False,0,0
california_0024_clean.png,california,clean,ZFF4029,ZFF4O29,0.5422825813293457,MANUAL-ENTRY,True,False,7,6
texas_0000_clean.png,texas,clean,W1L8331,1L8331,0.7594106793403625,MANUAL-ENTRY,False,False,0,0
texas_0001_light_blur.png,texas,light_blur,P4C4070,P4C4O7O,0.5288625955581665,MANUAL-ENTRY,True,False,7,5
texas_0002_low_contrast.png,texas,low_contrast,S9M1002,S9M1O02,0.5033330917358398,MANUAL-ENTRY,True,False,7,6
texas_0003_rotated.png,texas,rotated,BLN9741,BLN9741,0.7100870609283447,MANUAL-ENTRY,True,True,7,7
texas_0004_clean.png,texas,clean,L1L8815,L1L8815,0.7217187285423279,MANUAL-ENTRY,True,True,7,7
texas_0005_light_blur.png,texas,light_blur,Q2J3477,Q2J3477,0.9446614384651184,HUMAN-REVIEW,True,True,7,7
texas_0006_low_contrast.png,texas,low_contrast,E8N6041,E8N6041,0.50014728307724,MANUAL-ENTRY,True,True,7,7
texas_0007_rotated.png,texas,rotated,S1S7111,S1S7111,0.7633008360862732,MANUAL-ENTRY,True,True,7,7
texas_0008_clean.png,texas,clean,LVX1602,LVX16O2,0.5033389329910278,MANUAL-ENTRY,True,False,7,6
texas_0009_light_blur.png,texas,light_blur,H6P7472,H6P7472,0.9148066639900208,HUMAN-REVIEW,True,True,7,7
texas_0010_low_contrast.png,texas,low_contrast,WWO2094,02O94,0.5006954669952393,MANUAL-ENTRY,False,False,0,0
texas_0011_rotated.png,texas,rotated,QLA9608,QLA96O8,0.5228350162506104,MANUAL-ENTRY,True,False,7,6
texas_0012_clean.png,texas,clean,HHI2457,HH12457,0.7730898261070251,MANUAL-ENTRY,True,False,7,6
texas_0013_light_blur.png,texas,light_blur,DYH5996,DYH5996,0.9431341886520386,HUMAN-REVIEW,True,True,7,7
texas_0014_low_contrast.png,texas,low_contrast,UPX1511,UPX1511,0.7347090244293213,MANUAL-ENTRY,True,True,7,7
texas_0015_rotated.png,texas,rotated,FRK2464,FR464,0.7972148060798645,MANUAL-ENTRY,False,False,0,0
texas_0016_clean.png,texas,clean,S7P5244,S7P5244,0.9347882866859436,HUMAN-REVIEW,True,True,7,7
texas_0017_light_blur.png,texas,light_blur,SIX5757,S1X5757,0.7758751511573792,MANUAL-ENTRY,True,False,7,6
texas_0018_low_contrast.png,texas,low_contrast,EDQ2315,EDQ2315,0.7546026110649109,MANUAL-ENTRY,True,True,7,7
texas_0019_rotated.png,texas,rotated,X5N2965,X5N2965,0.7206481695175171,MANUAL-ENTRY,True,True,7,7
texas_0020_clean.png,texas,clean,C1C4576,C1C4576,0.7666525840759277,MANUAL-ENTRY,True,True,7,7
texas_0021_light_blur.png,texas,light_blur,CID8842,C1D8842,0.7781291007995605,MANUAL-ENTRY,True,False,7,6
texas_0022_low_contrast.png,texas,low_contrast,Q7V6886,Q7V6886,0.7522960901260376,MANUAL-ENTRY,True,True,7,7
texas_0023_rotated.png,texas,rotated,H9Z2529,H922529,0.6498932838439941,MANUAL-ENTRY,True,False,7,6
texas_0024_clean.png,texas,clean,R5F8306,R5F83O6,0.5170841813087463,MANUAL-ENTRY,True,False,7,6
new_york_0000_clean.png,new_york,clean,NGT6384,NGT6384,0.7205221652984619,MANUAL-ENTRY,True,True,7,7
new_york_0001_light_blur.png,new_york,light_blur,KDC8S3,KDC8S3,0.9961699843406677,AUTO-ACCEPT,True,True,6,6
new_york_0002_low_contrast.png,new_york,low_contrast,KLV0542,KLVO542,0.5568691492080688,MANUAL-ENTRY,True,False,7,6
new_york_0003_rotated.png,new_york,rotated,QPK0S2,QPKOS2,0.5407626628875732,MANUAL-ENTRY,True,False,6,5
new_york_0004_clean.png,new_york,clean,GAR7612,GAR7612,0.5506083965301514,MANUAL-ENTRY,True,True,7,7
new_york_0005_light_blur.png,new_york,light_blur,PHM8Y2,PHM8Y2,0.9888012409210205,AUTO-ACCEPT,True,True,6,6
new_york_0006_low_contrast.png,new_york,low_contrast,VQS1179,VQS1179,0.5377503037452698,MANUAL-ENTRY,True,True,7,7
new_york_0007_rotated.png,new_york,rotated,VRH1M0,VRH1MO,0.5799688100814819,MANUAL-ENTRY,True,False,6,5
new_york_0008_clean.png,new_york,clean,UQE5A9,UQE5A9,0.8873705267906189,HUMAN-REVIEW,True,True,6,6
new_york_0009_light_blur.png,new_york,light_blur,RYR1949,RYR1949,0.6065509915351868,MANUAL-ENTRY,True,True,7,7
new_york_0010_low_contrast.png,new_york,low_contrast,IRR2A8,1RR2A8,0.8156060576438904,HUMAN-REVIEW,True,False,6,5
new_york_0011_rotated.png,new_york,rotated,WJB1M5,WJB1M5,0.6182417273521423,MANUAL-ENTRY,True,True,6,6
new_york_0012_clean.png,new_york,clean,PSW2P1,PS2P1,0.47398096323013306,MANUAL-ENTRY,False,False,0,0
new_york_0013_light_blur.png,new_york,light_blur,RVZ8241,RVZ8241,0.6166300177574158,MANUAL-ENTRY,True,True,7,7
new_york_0014_low_contrast.png,new_york,low_contrast,XAV9D3,V9D3,0.8833363652229309,HUMAN-REVIEW,False,False,0,0
new_york_0015_rotated.png,new_york,rotated,CFS9642,CFS9642,0.7130491733551025,MANUAL-ENTRY,True,True,7,7
new_york_0016_clean.png,new_york,clean,JUB7N6,JUB7N6,0.7112827301025391,MANUAL-ENTRY,True,True,6,6
new_york_0017_light_blur.png,new_york,light_blur,UBY5278,UBY5278,0.9890968799591064,AUTO-ACCEPT,True,True,7,7
new_york_0018_low_contrast.png,new_york,low_contrast,SGS5O8,SGS508,0.5130353569984436,MANUAL-ENTRY,True,False,6,5
new_york_0019_rotated.png,new_york,rotated,SVR8941,SVR8947,0.6224969029426575,MANUAL-ENTRY,True,False,7,6
new_york_0020_clean.png,new_york,clean,UUW7K4,UU7K4,0.9802477359771729,AUTO-ACCEPT,False,False,0,0
new_york_0021_light_blur.png,new_york,light_blur,FZC5481,FZC5481,0.6166300177574158,MANUAL-ENTRY,True,True,7,7
new_york_0022_low_contrast.png,new_york,low_contrast,SRU3R4,SRU3R4,0.9751465916633606,AUTO-ACCEPT,True,True,6,6
new_york_0023_rotated.png,new_york,rotated,TAK3347,TAK3347,0.9634201526641846,AUTO-ACCEPT,True,True,7,7
new_york_0024_clean.png,new_york,clean,TYV9X7,9X7,0.861566960811615,HUMAN-REVIEW,False,False,0,0
